medical_specialty,text
 Bariatrics,"Veramist spray 27.5 mcg daily,"
 Urology,"Coumadin 3 mg daily.,2."
 Urology,She continues to take Enablex 50 mg and has not noted any improvement of her symptoms.
 Urology,the patient will be started on Ventura twice daily and prescription is provided.
 Urology,Flomax 0.4 mg daily.
 Urology,"the patient was cleansed.,The scrotal support was placed and plan will the for the patient to take Keflex one tablet q.i.d."
 Urology,and the local wound instillation and wound block was then placed using 30 mL of 0.5% Marcaine without epinephrine.
 Urology,"Omeprazole 20 mg daily and famotidine 20 mg b.i.d.,3."
 Urology,"Proscar Dosage: 5 mg tablet Sig: once daily Dispense: 30 Refills: 0 Allow Generic: No,PATIENT INSTRUCTIONS:,"
 Urology,last visit started on Cialis 10 mg.
 Urology,A ring block was also done using another 0.3 mL of lidocaine.
 Urology,"Atenolol 5 mg daily.,OPERATIONS: ,"
 Urology,The patient was given a prescription for Levaquin and Phenergan tablets to take home with him tonight.
 Urology,"Premarin 1.25 mg daily,"
 Urology,"OxyContin 10 mg three tablets three times a day,"
 Urology,"Toprol XL 25 mg daily.,ALLERGIES:,"
 Urology,"Diltiazem 120 mg daily.,3."
 Urology,"Pravastatin 40 mg daily.,5."
 Urology,"Lisinopril 20 mg daily.,6."
 Urology,"Hydrochlorothiazide 25 mg daily.,FAMILY HISTORY: ,"
 Surgery,Conscious sedation initially was administered with Versed 2 mg and fentanyl 50 mcg.
 Surgery,She should take Prevacid SoluTab 30 mg b.i.d.
 Surgery,Methargen 0.2 mg was given IM and Pitocin 40 units and a 1000 was also started at the time of the procedure.
 Surgery,approximately 10 cc of vasopressin 20 units and 30 cc was injected into the uterine fundus and multiple fibroids were removed by using the incision with the Bovie and then using a blunt and the sharp dissection and grasping with Lahey clamps.
 Surgery,The patient has a history of keloid formation and approximately 1 cubic centimeter of 40 mg per cubic centimeter Kenalog was injected into the incisional line using a tuberculin syringe and 25-gauge needle.
 Surgery,"30 tablets,"
 Surgery,"Using a #15 blade a clavicular incision from tooth #5 back to 1 with tuberosity release was performed.,A full thickness mucoperiosteal flap was developed and approximately 6 mL of pus was instantly drained from the buccal space."
 Surgery,"Keflex 500 mg tablets,"
 Surgery,"40 tablets,"
 Surgery,"#20 tablets,"
 Surgery,The patient will be sent home with a prescription for Keflex 500 mg one p.o.
 Surgery,We administered 500 more units of heparin and then proceeded with an ACT of approximately 270 seconds prior to the 500 units of heparin IV.
 Surgery,"the patient had been given 300 mg of Plavix orally during the procedure and Integrilin IV bolus and then maintenance drip was started.,A 6-French CLS 3.5 left coronary guide catheter was used to cannulate the left main and HEW guidewire was positioned in the distal LAD and another HEW guidewire in the relatively large third diagonal."
 Surgery,"The first metatarsophalangeal joint capsule was then identified and using a #15 blade,"
 Surgery,attention was directed back to the medial capsule and a medial capsulorrhaphy was performed and the capsule was closed using #3-0 Vicryl suture.
 Surgery,The patient was also given prescription for clindamycin to be taken 300 mg four times a day.
 Surgery,so then the chest tube was clamped and then through the chest tube a solution of 120 mL of normal saline containing 5 g of talc and 40 mg of lidocaine were then put into her right chest taking care that no air would go in to create a pneumothorax.
 Surgery,but we connected the system to a plastic bag and by gravity started draining at least 400 mL while we were in the minor OR.
 Surgery,retrobulbar block was administered consisting of 2 cc's of 2% Xylocaine  plain with 150 units of Wydase.
 Surgery,A continuous curvilinear capsulorrhexis was made in the anterior capsule using the bent-needle cystotome.
 Surgery,Lidocaine 1% (20 mL) was administered to the area.
 Surgery,Lidocaine 1% (10 mL) was then administered to the medial aspect of the incision.
 Surgery,Lidocaine 1% (10 mL) was then administered to the medial aspect of the incision and a pocket was fashioned in the medial direction.
 Surgery,IV sedation was administered and during that time local anesthetic consisting of approximately 10 mL total in a 1:1 mixture of 0.25% Marcaine and 1% lidocaine with epinephrine was locally infiltrated proximal to the operative site.
 Surgery,"Approximately 5 mL of 1% lidocaine with epinephrine was injected into the area of incision which paralleled the inferior border of the mandible 2 cm below the inferior border of the mandible.,After waiting appropriate time for local anesthesia using a 15 blade,"
 Surgery,The patient will also be started on Peridex oral rinse of 10 cc p.o.
 Surgery,The patient previously had been given both oral and written preoperative as well as postoperative instructions and a prescription for pain.
 Surgery,the capsule was scored using a Bovie about 0.5 cm lateral to the border of the tumor.
 Surgery,"the right and left nasal septal mucosa and right and left inferior turbinates were anesthetized with 1% lidocaine with 1:100,000 epinephrine using approximately 10 mL."
 Surgery,I did advised nasolacrimal massage for the next 7 to 10 days on each side two to three times daily.
 Surgery,Erythromycin ointment to both eyes twice daily for three days.
 Surgery,"a local ankle block was given using 10 cc of 4.5 mL of 1% lidocaine plain,"
 Surgery,The patient was given prescription for Vicoprofen #25 taken one tablet q.4h.
 Surgery,moderate to severe pain and also prescription for Keflex #20 500 mg tablets to be taken b.i.d.
 Surgery,The incision was then carried down to the level of the metatarsal and using sharp and blunt dissection periosteal capsule structures were freed from the base of the metatarsal and taking care to retract the long extensive tendon and any neurovascular structures to avoid any disruption.
 Surgery,"The MP joint was brought into extension and the capsule closed using interrupted 3-0 Tycron sutures.,Attention was turned to the MCP joint where the MP joint was brought in to 15 degrees of flexion and pinned with a single 0.035 Kirschner wire."
 Surgery,She will be discharged home with a prescription for Darvocet for pain and is instructed to follow up in the office in two weeks with further treatment will be discussed including approximately six months of continuous monophasic oral contraceptives.
 Surgery,"Surgery performed under general anesthesia.,TOURNIQUET TIME:  ,47 minutes.,MEDICATION:  ,The patient received 0.5% Marcaine local anesthetic 32 mL.,COMPLICATIONS: ,"
 Surgery,"The distal anastomosis was competent without leak.,The patient was then given 70 mg of intravenous protamine and final hemostasis obtained using electrocoagulation."
 Surgery,"The prominent area of the left submandibular swelling was noted and a 1-cm incision was outlined with a marking pen and the area was infiltrated with 0.5 mL of local anesthetic using 1% Xylocaine with epinephrine 1:100,000."
 Surgery,"The anterior lip of the cervix was grasped with a single-tooth tenaculum and a paracervical block was performed using 20 ml of 0.50% lidocaine with 1:200,000 of epinephrine.,The cervical vaginal junction at the 4 o'clock position was injected and 5 ml was instilled."
 Surgery,Left ventriculogram was then done in the RAO view using 30 mL of contrast.
 Surgery,left ventriculography was performed in a 30-degree RAO projection using 30 mL of contrast injected over 3 seconds.
 Surgery,Left ventriculography was the performed using 36 mL of contrast injected over 3 seconds.
 Surgery,"We will add Norvasc 5 mg daily as well as hydrochlorothiazide 25 mg daily.,3."
 Surgery,Conscious sedation was obtained using a combination of Versed 1 mg and fentanyl 50 mcg.
 Surgery,We will increase his amiodarone to 400 mg daily.
 Surgery,Use Reglan 10 mg three to four times a day.
 Surgery,pain as well as Celebrex 200 mg #30 take two p.o.
 Surgery,125 mL of Omnipaque 250 contrast was administered.
 Surgery,The patient was also placed on a prescription of prednisone 2 mg tablets starting at 40 mg a day decreasing every three days to continue to wean off.
 Surgery,The patient was also administered Solu-Medrol 60 mg IV x1 in recovery room.
 Surgery,the patient received Versed 5.0 mg intravenously after Cetacaine spray to the posterior palate.
 Surgery,We would start Modulon 50 mL/h for 20 hours to reverse the malnutrition state of this boy.
 Surgery,Continue Prevacid 7.5 mg p.o.
 Surgery,"To start omeprazole 20 mg a day.,2."
 Surgery,I started him on dopamine drip at 10 mcg.
 Surgery,The oral cavity is sprayed with lidocaine spray.
 Surgery,2% lidocaine was obtained and the skin was anesthetized using approximately 15 mL of 2% lidocaine.
 Surgery,Lidocaine 1% (20 mL) was administered to the area of the previous incision.
 Surgery,"twice daily for 7 days.,4."
 Surgery,A 15 units of Pitocin was started after delivery of the placenta.
 Surgery,"Symptoms have not improved with prescription of oral contraceptives.,The patient has had one prior surgery for a left ovarian cystectomy done by laparoscopy in 1996."
 Surgery,Constant sedation was obtained using Versed 1 mg and fentanyl 50 mcg.
 Surgery,and then intravenous medications of Demerol 50 mg and Versed 5 mg IV.
 Surgery,"daily along with written and oral home instructions including a number on which I can be reached 24 hours a day if any problem arises.,After short recuperative period,"
 Surgery,the oral layer of mucosa was repaired using an opposing Z-plasty compared to the nasal layer.
 Surgery,"A retrobulbar block using 5 ml of 2% lidocaine without epinephrine was done after adequate anesthetic was assured,"
 Surgery,"10,000 units of aqueous heparin were administered and allowed to take effect."
 Surgery,a total of 50 mg of Protamine was administered and allowed to take effect.
 Surgery,"but this was not problematic.,The patient had been administered 5000 units of aqueous heparin after allowing adequate circulating time."
 Surgery,daily and digoxin 0.125 mg p.o.
 Surgery,An injection was then performed using Omnipaque 16 mL at 8 mL per second with the Berman catheter positioned in the Glenn shunt.
 Surgery,A right ventriculogram was performed using Omnipaque 18 mL at 12 mL per second.
 Surgery,"where an inferior vena cavagram was performed using Omnipaque 10 mL at 8 mL per second.,The 4-French pigtail catheter was advanced to the ascending aorta and an ascending aortogram was performed using Omnipaque 16 mL at 12 mL per second.,Following the ascending angiograms,"
 Surgery,"Ancef 1 g IV was given for closure device prophylaxis.,CONTRAST ADMINISTERED:,"
 Surgery,"The creatinine value is 1.3 mg/dL mg/dL.,PROCEDURE MEDICATIONS:,1."
 Surgery,Clopidogrel (Plavix) 75 mg PO daily for 1 year.
 Surgery,She was given prescription for Vicodin ES #25 one p.o.
 Surgery,"4 mg of Versed was given at the start of the procedure and another 1 mg shortly after traversing the cords.,PROCEDURE DETAILS:,"
 Surgery,oral medications including anticoagulants/antiplatelets were given.
 Surgery,Lidocaine 1% (10 mL) was administered to the medial aspect of the incision and a pocket was fashioned in the medial direction.
 Surgery,"Discharge anticipated later in the day on Augmentin 400 mg twice daily,"
 Surgery,and sedation and sedation anesthesia was administered IV after preoperative p.o.
 Surgery,The patient was then given prescriptions for Vicoprofen #30 and Augmentin #14 to be taken twice daily.
 Surgery,quantity 30 to be taken one to two tablets every six to eight hours as necessary for moderate to severe pain.
 Surgery,the patient was given a surgical shoe as well as given instructions for postoperative care to include rest ice and elevation as well as the patient was given prescription for Naprosyn 250 mg to be taken three times daily as well as Vicodin ES to be taken q.6h.
 Surgery,5000 units of aqueous heparin was administered to allow take effect.
 Surgery,25 mg of protamine was administered.
 Surgery,The patient was started on Decadron at 10 mg IV q.6h.
 Surgery,"I have given the patient 600 mg of oral Plavix.,The right coronary artery was engaged using a #6-French JR4 guide catheter."
 Surgery,"the patient will be on Zithromax oral suspension 500 mg daily for 5 to 7 days,"
 Surgery,Approximately 3 mL were administered.
 SOAP / Chart / Progress Notes,He was initially started on Hydrea 1000 mg q.d.
 SOAP / Chart / Progress Notes,I gave him fluoxetine 20 mg one tablet daily.
 SOAP / Chart / Progress Notes,"Digoxin 0.25 mg daily.,3."
 SOAP / Chart / Progress Notes,"I suspect carpal tunnel syndrome.,PLAN:  ,The patient is going to use Anaprox double strength one pill every 12 hours with food as well as a cock-up wrist splint."
 SOAP / Chart / Progress Notes,"Norvasc 10 mg daily.,3."
 SOAP / Chart / Progress Notes,He was given a sample of Cialis 10 mg with instructions on usage and a prescription for that if that is successful.
 SOAP / Chart / Progress Notes,"He is on Adderall XR 10 mg once daily.,ALLERGIES: ,"
 SOAP / Chart / Progress Notes,"Synthroid 0.112 mg daily; Prilosec 20 mg daily; prednisone,"
 SOAP / Chart / Progress Notes,"she was 2.5 mg daily,"
 SOAP / Chart / Progress Notes,but discontinued this on 06/16/2004; Plaquenil 200 mg b.i.d.; Imuran 100 mg daily; Advair one puff b.i.d.; Premarin 0.3 mg daily; Lipitor 10 mg Monday through Friday; Actonel 35 mg weekly; and aspirin 81 mg daily.
 SOAP / Chart / Progress Notes,This is a follow-up visit on this 16-year-old male who is currently receiving doxycycline 150 mg by mouth twice daily as well as hydroxychloroquine 200 mg by mouth three times a day for Q-fever endocarditis.
 SOAP / Chart / Progress Notes,I recommended the patient to continue to take lactulose 50 mL 3 times daily.
 SOAP / Chart / Progress Notes,The patient got a prescription for 10 mg pills.
 SOAP / Chart / Progress Notes,He will take 10 mg twice daily and we will gradually increase his dose until his heart rate will drop to 25% from 75% to probably 60-58.
 SOAP / Chart / Progress Notes,"flaxseed oil 100 mg daily,"
 SOAP / Chart / Progress Notes,"Duricef 1 g daily for seven days.,2."
 SOAP / Chart / Progress Notes,"aspirin one tablet q.d.,"
 SOAP / Chart / Progress Notes,"aspirin 81 mg daily,"
 SOAP / Chart / Progress Notes,"Toprol XL 25 mg daily,"
 SOAP / Chart / Progress Notes,"vitamin B6 100 mg daily,"
 SOAP / Chart / Progress Notes,"Prevacid 30 mg daily,"
 SOAP / Chart / Progress Notes,"Aricept 5 mg daily,"
 SOAP / Chart / Progress Notes,"furosemide 20 mg daily p.r.n.,"
 SOAP / Chart / Progress Notes,Increased her Aricept to 10 mg daily.
 SOAP / Chart / Progress Notes,She continues to take Ativan 1 mg every six hours as needed.
 SOAP / Chart / Progress Notes,"She takes imipramine 425 mg at bedtime.,Her MS Contin dose is 150 mg every 8 to 12 hours and an immediate release morphine preparation,"
 SOAP / Chart / Progress Notes,I have encouraged the patient to increase her dose of Lasix from 100 to 120 mg by mouth every morning as previously prescribed.
 SOAP / Chart / Progress Notes,"Paxil 40 mg once daily.,2."
 SOAP / Chart / Progress Notes,"Mirapex two tablets every night.,8."
 SOAP / Chart / Progress Notes,"Avandamet 4/1000 mg daily.,10."
 SOAP / Chart / Progress Notes,taking PO.
 SOAP / Chart / Progress Notes,We will continue him on his oral Omnicef and azithromycin and continuing breathing treatments.
 SOAP / Chart / Progress Notes,"Levothyroxine 88 mcg daily,"
 SOAP / Chart / Progress Notes,"Soriatane 25 mg daily,"
 SOAP / Chart / Progress Notes,"Vicodin 5/500 mg one to two tablets q.6 hours p.r.n.,ALLERGIES: ,"
 SOAP / Chart / Progress Notes,"Kerlone 10 mg 1/2 pill daily,"
 SOAP / Chart / Progress Notes,"gemfibrozil 600 mg twice daily,"
 SOAP / Chart / Progress Notes,"Crestor 80 mg 1/2 pill daily,"
 SOAP / Chart / Progress Notes,"aspirin 325 mg daily,"
 SOAP / Chart / Progress Notes,"vitamin E 400 units daily,"
 SOAP / Chart / Progress Notes,She was given a prescription for nifedipine 10 mg p.o.
 SOAP / Chart / Progress Notes,"Reviewed and unchanged from the dictation on 12/03/2003.,MEDICATIONS:  ,Atenolol 50 mg daily,"
 SOAP / Chart / Progress Notes,"Premarin 0.625 mg daily,"
 SOAP / Chart / Progress Notes,and TriViFlor 25 mg two pills daily.
 SOAP / Chart / Progress Notes,She is on Trizivir 1 tablet p.o.
 SOAP / Chart / Progress Notes,"She is on different antidepressants and that may be causing some difficulties with unintentional weight loss.,MEDICATIONS:  ,Currently are Aricept 10 mg a day,"
 SOAP / Chart / Progress Notes,He will be started on an aspirin 81 mg p.o.
 SOAP / Chart / Progress Notes,"Allegra 180 mg daily,"
 SOAP / Chart / Progress Notes,"Levothroid 100 mcg daily,"
 SOAP / Chart / Progress Notes,"Lasix 20 mg daily,"
 SOAP / Chart / Progress Notes,"Celexa 40 mg daily,"
 SOAP / Chart / Progress Notes,"verapamil SR 180 mg one and a half tablet daily,"
 SOAP / Chart / Progress Notes,"Zetia 10 mg daily,"
 SOAP / Chart / Progress Notes,I put him on Diflucan 200 mg daily for seven days.
 SOAP / Chart / Progress Notes,"Calcium and vitamin D complex twice daily.,4."
 SOAP / Chart / Progress Notes,"Lopressor 50 mg one-half tablet twice a day.,9."
 SOAP / Chart / Progress Notes,so she just went back to her previous dose of 1 mg daily.
 SOAP / Chart / Progress Notes,"Lipitor 10 mg one and half daily,"
 SOAP / Chart / Progress Notes,"She only got up to the full dose 10 mg pill about a week ago and apparently some days does not need to take it.,4."
 SOAP / Chart / Progress Notes,we gave her more samples plus a prescription for the 20 mg that she can cut in half.
 SOAP / Chart / Progress Notes,In the meantime I have given him Ativan 0.5 mg one tablet two to three times a day as needed for anxiety.
 SOAP / Chart / Progress Notes,She takes atenolol 12.5 mg per day and takes Lasix on a p.r.n.
 SOAP / Chart / Progress Notes,"We will start her on Detrol 0.4 mg one daily and also started on Mobic 15 mg per day.,2."
 SOAP / Chart / Progress Notes,"Benicar 20 mg daily; multivitamin; glucosamine; vitamin B complex; vitamin E and a low-dose aspirin.,OBJECTIVE:,General:  Well-nourished,"
 SOAP / Chart / Progress Notes,Continue Lovenox 40 mg subcu daily.
 SOAP / Chart / Progress Notes,"vitamin C 250 mg daily,"
 SOAP / Chart / Progress Notes,"vitamin E three to four tablets daily,"
 SOAP / Chart / Progress Notes,"calcium with D 1500 mg daily,"
 SOAP / Chart / Progress Notes,"Monopril 40 mg daily,"
 SOAP / Chart / Progress Notes,We will start Fosamax 70 mg once weekly.
 SOAP / Chart / Progress Notes,"I told her for her shoulder to take ibuprofen 600 mg three times daily with her meals for a minimum of the next one week.,4."
 SOAP / Chart / Progress Notes,Omnicef 300 mg daily for 10 days.
 SOAP / Chart / Progress Notes,"gabapentin one tablet at bedtime.,ALLERGIES:"
 SOAP / Chart / Progress Notes,He was started on Levothroid 0.1 mg and has been taking that daily.
 SOAP / Chart / Progress Notes,Continue Levothroid 0.1 mg daily unless dosage need to be adjusted based on the TSH.
 SOAP / Chart / Progress Notes,"Also metformin 500 mg at supper.,OTHER MEDICATIONS: ,"
 SOAP / Chart / Progress Notes,"once daily.,2."
 SOAP / Chart / Progress Notes,"Lisinopril 40 mg once daily.,3."
 SOAP / Chart / Progress Notes,Plan today is to make adjustments to her pump based on a total daily dose of 90 units of insulin.
 SOAP / Chart / Progress Notes,once daily.
 SOAP / Chart / Progress Notes,"Bumex - 2 mg daily.,2."
 SOAP / Chart / Progress Notes,"Aspirin - 81 mg daily.,3."
 SOAP / Chart / Progress Notes,"Lisinopril - 40 mg daily.,4."
 SOAP / Chart / Progress Notes,"Zocor - 80 mg daily.,6."
 SOAP / Chart / Progress Notes,"Toprol-XL - 200 mg daily.,7."
 SOAP / Chart / Progress Notes,"Protonix - 40 mg daily.,8."
 SOAP / Chart / Progress Notes,"Zantac 150 mg daily.,10."
 SOAP / Chart / Progress Notes,"NovoLog insulin via insulin pump about 30 units of insulin daily.,12."
 SOAP / Chart / Progress Notes,"Valsartan 80 mg daily.,14."
 SOAP / Chart / Progress Notes,we have started her on Coreg 6.25 mg b.i.d.
 SOAP / Chart / Progress Notes,"and Xanax 0.5 mg b.i.d-given a 60 pill prescription.,REVIEW OF SYSTEMS: ,"
 SOAP / Chart / Progress Notes,Recommend the patient use 1 unit of insulin for every 10-g carbohydrate load consumed.
 SOAP / Chart / Progress Notes,She states that she has been taking her aspirin at 325 mg q.a.m.
 SOAP / Chart / Progress Notes,"Mucinex one to two tablets b.i.d.,"
 SOAP / Chart / Progress Notes,"He is now currently taking Abilify at 7.5 mg.,OBJECTIVE: ,"
 SOAP / Chart / Progress Notes,"Decrease Abilify from 7.5 mg to 5 mg tablet one a day,"
 SOAP / Chart / Progress Notes,I am introducing slow Luvox 25 mg tablet one-half a.m.
 SOAP / Chart / Progress Notes,"if no side effects in one week we will to tablet one up to therapeutic level.,I also will call ABCD regarding the referral to psychologists for functional behavioral analysis."
 SOAP / Chart / Progress Notes,Bactrim double strength 1 tablet b.i.d.
 SOAP / Chart / Progress Notes,"Byetta injected twice daily.,REVIEW OF SYSTEMS: ,"
 SOAP / Chart / Progress Notes,The patient has been taking amoxicillin 500 mg b.i.d.
 SOAP / Chart / Progress Notes,"Continue the amoxicillin 500 mg two at bedtime.,3."
 Sleep Medicine,Nasal and oral airflow were monitored using a triple port Thermistor.
 Rheumatology,"Patient is currently taking amoxicillin-clavulanate 125 mg-31.25 mg tablet,"
 Rheumatology,Adrenocot 0.5 mg tablet medication was prescribed by A.
 Rheumatology,Vioxx Dosage:  12.5 mg tablet Sig:  BID Dispense:  30 Refills:  2 Allow Generic:  No
 Rheumatology,Also was recommended to take 7.5 mg of Mobic every day for her joint pains.
 Radiology,the patient was then sedated using a total of 4 mg of Versed and 50 mcg of fentanyl.
 Radiology,Broad spectrum antibiotics and Solu-Medrol 1g IV qd were started.
 Radiology,"She was then given a one day course of Praziquantel 3.6g total in 3 doses; and started on Prednisone 60 mg po qd; the broad spectrum antibiotics and Solu-Medrol were discontinued.,On 5/22/97,"
 Radiology,"Propulsid 20mg tid,"
 Radiology,"Lithium 300mg bid.,PMH:,"
 Radiology,"Sinemet CR 25/100 1tab TID,"
 Radiology,"Lopressor 25mg qhs,"
 Radiology,"Vitamin E 1tab TID,"
 Radiology,The patient continued Sinemet CR 25/100 1tab TID and was told to monitor orthostatic BP at home.
 Radiology,She had just resumed taking oral birth control pills one week prior to the ER visit after having stopped their use for several months.
 Radiology,"She was started on Prednisone 60mg qd and Tagamet 400mg qhs.,On 2/26/96,"
 Radiology,"The patient was placed on FeSO4 225mg tid.,She was continued on heparin IV,"
 Radiology,They recommended treatment with ASA 325mg bid.
 Radiology,Rheumatology recommended Plaquenil 200mg bid.
 Radiology,She was treated with Ticlopidine 250mg bid.
 Radiology,"She was discharged home on Isordil 20 tid,"
 Radiology,and Ticlid 250mg bid.
 Radiology,"Acyclovir 400mg bid,"
 Radiology,"Stavudine 40mg bid,"
 Radiology,This consisted of Pyrimethamine 75mg qd and Sulfadiazine 2 g bid.
 Radiology,She continues to take ASA 325 mg qd.
 Radiology,"Zantac 150mg bid,"
 Radiology,"Vasotec 10mg bid,"
 Radiology,"CaCO3 500mg bid,"
 Radiology,"His appetite has been especially poor in the past month.,MEDS:,Sulfasalazine qid."
 Radiology,"TID ratio was 0.88.,IMPRESSION:,"
 Radiology,"The heart rate recovered in a normal fashion after using metoprolol 5 mg.,The heart images were somewhat suboptimal to evaluate because of obesity and some problems with the short axis windows mainly at peak exercise.,The EF at rest appeared to be normal at 55 to 60 with normal wall motion including anterior,"
 Radiology,"Cx negative.,The patient was assumed to have had a SAH secondary to central venous thrombosis due to oral contraceptive use."
 Radiology,"He occasionally experiences bilateral lower extremity cramping (?claudication) after walking for prolonged periods.,MEDS: ,Lithium 300mg bid,"
 Radiology,"Accupril 20mg bid,"
 Radiology,"Advil prn.,PMH:,"
 Radiology,Oral contrast was not administered.
 Radiology,Total of 100 mL of Isovue was administered intravenously.
 Radiology,"Oral contrast was also administered.,The lung bases are clear."
 Radiology,"Lopressor 5 mg IV.,HEART RATE AFTER MEDICATION:,"
 Radiology,Contrast injection was timed using a 10 mL bolus of Ultravist 370 IV.
 Radiology,The ptosis improved upon administration of Tensilon and he was placed on Mestinon 30mg tid.
 Radiology,The dosage was increased to 60mg tid and his diplopia worsened and the dose decreased back to 30mg tid.
 Radiology,"Mestinon 30mg tid.,PMH:,"
 Radiology,"He was treated with Fludrocortisone 0.05 mg BID and within 24hrs,"
 Psychiatry / Psychology,He sometimes takes the other half of the tablet in the afternoon.
 Psychiatry / Psychology,"He would drink up to half of a fifth of rum on a daily basis when available.,The patient is currently on Lexapro 10 mg in the morning and diazepam 10 mg at bedtime."
 Psychiatry / Psychology,I would recommend that we try Seroquel 25 mg twice daily on an as-needed basis to see if this diminishes anxiety.
 Psychiatry / Psychology,"states he has been unable to get out of bed at times and isolates and keeps to himself.,He has been on a variety of different medications including Celexa 40 mg and ADD medication different times,"
 Psychiatry / Psychology,"I will start quetiapine at a dose of 100 mg at bedtime,"
 Psychiatry / Psychology,He has been started on Ativan 2 mg p.o.
 Psychiatry / Psychology,He also has been started on Seroquel 12.5 mg p.o.
 Psychiatry / Psychology,"Bisacodyl suppository 10 mg per rectum daily.,5."
 Psychiatry / Psychology,Saliva substitute 30 mL spray p.o.
 Psychiatry / Psychology,he was started on Seroquel 20 mg p.o.
 Psychiatry / Psychology,in addition to Aricept 5 mg daily.
 Psychiatry / Psychology,"Norvasc 5 mg daily,"
 Psychiatry / Psychology,"TriCor 145 mg daily,"
 Psychiatry / Psychology,"aspirin one tablet daily,"
 Psychiatry / Psychology,Continue Lexapro 20 mg p.o.
 Psychiatry / Psychology,Norco one tablet p.o.
 Psychiatry / Psychology,"Zofran 4 mg IV q.6h.,HOME MEDICATIONS:,"
 Psychiatry / Psychology,Continue Lexapro 10 mg daily and Pamelor 25 mg each bedtime monitor for adverse effects of TCA and worsening of depressive symptoms.
 Psychiatry / Psychology,The patient currently is taking Synthroid 75 mcg per day and lithium 1200 mg p.o.
 Psychiatry / Psychology,His outpatient medications include Lotrel 30 mg p.o.
 Psychiatry / Psychology,"Lovenox 40 mg subcutaneously daily,"
 Psychiatry / Psychology,"Nexium 40 mg IV daily,"
 Psychiatry / Psychology,"She was taking Remeron 15 mg q.h.s.,"
 Psychiatry / Psychology,"She is currently taking Trileptal 450 mg b.i.d.,"
 Psychiatry / Psychology,"Centrum multivitamin tablets,"
 Psychiatry / Psychology,I would like to start her on amitriptyline at a dose of 10 mg at time.
 Psychiatry / Psychology,"She will take Motrin at a dose of 800 mg as needed for her severe headaches.,She will make a diary of her migraine symptoms so that we can find any triggering food items,"
 Psychiatry / Psychology,"Note that medical records say that he was supposed to be taking Lipitor 40 mg,"
 Psychiatry / Psychology,"Aspirin 81 mg daily,"
 Psychiatry / Psychology,"Lipitor 80 mg daily,"
 Psychiatry / Psychology,"who presented to Hospital four days ago after an overdose of about 30 Haldol tablets 5 mg each and Tylenol tablet 325 mg each,"
 Psychiatry / Psychology,40 tablets.
 Psychiatry / Psychology,She took 30 tablets of Haldol and 40 tablets of Tylenol.
 Psychiatry / Psychology,"Lasix 80 mg daily,"
 Psychiatry / Psychology,"lactulose 10 g daily,"
 Psychiatry / Psychology,"Cozaar 50 mg daily,"
 Psychiatry / Psychology,"Synthroid 75 mcg daily,"
 Psychiatry / Psychology,"Singulair 10 mg daily,"
 Psychiatry / Psychology,"Pravachol 20 mg daily,"
 Psychiatry / Psychology,"Feldene 20 mg daily,"
 Psychiatry / Psychology,"Paxil 20 mg daily,"
 Psychiatry / Psychology,"Minipress 2 mg daily,"
 Psychiatry / Psychology,"Senokot one tablet b.i.d.,"
 Psychiatry / Psychology,"Details regarding this episode of child sexual assault were not forthcoming.,The claimant now takes Effexor 75 mg b.i.d."
 Psychiatry / Psychology,which she is not taking at the moment are lithium 300 mg p.o.
 Podiatry,Lotrimin AF  Dosage:  1% cream  Sig:  apply qid  Dispense:  4oz tube Refills:  0  Allow Generic:  Yes
 Psychiatry / Psychology,She has currently been taking 100 mg of Zoloft administered by her primary medical doctor.
 Podiatry,"A bacterial infection may also be suspected in which case a skin culture will confirm this.,*  Try a non-prescription antifungal powder or cream available in drugstores; your doctor can prescribe a stronger topical antifungal medication if necessary.,*  Oral antibiotics may be prescribed for a possible bacterial infection.,*  Keep feet as dry as possible! Change socks twice a day if necessary and wear those made of natural fibers,"
 Podiatry,"dispense 24 tablets,"
 Podiatry,one tablet to be taken by mouth q.6h as needed for pain.
 Physical Medicine - Rehab,The patient is also taking ibuprofen 800 mg occasionally as needed for pain management.
 Pediatrics - Neonatal,"We will place him on Clarinex 5 mg once daily,"
 Pediatrics - Neonatal,"some Rhinocort-AQ nasal spray one spray each nostril once daily and otherwise discussed the importance of him wearing glasses.,4."
 Pediatrics - Neonatal,Prescription for Atarax 10 mg tablets one to two tablets p.o.
 Pediatrics - Neonatal,"she will need to be on PO steroid medication,"
 Pediatrics - Neonatal,"He is currently on immunotherapy and also takes Advair 500/50 mg,"
 Pediatrics - Neonatal,"she is taking approximately 30 mL every feeding and is taking Formula or breast milk,"
 Pediatrics - Neonatal,She has been taking 1 teaspoon every 6 hours.
 Pediatrics - Neonatal,I will start her home medications of Pulmicort twice daily and albuterol on a p.r.n.
 Pediatrics - Neonatal,"He was given ceftriaxone 500 mg IV once daily to treat otitis media and possible sepsis,"
 Pediatrics - Neonatal,once daily and instructed to follow up with Dr.
 Pediatrics - Neonatal,bringing her to a total daily dose of just under 40 mg/kg per day.
 Pediatrics - Neonatal,feeds had been started and were advanced 1 ml q.6h.
 Pediatrics - Neonatal,Diazoxide was started 5 mg/kg per os every 8 hours and fingersticks were done to monitor blood glucose level.
 Pediatrics - Neonatal,Blood glucose level stabilized and then diazoxide was weaned off until daily dose of 6 mg/kg and then the diazoxide was discontinued.
 Pediatrics - Neonatal,The patient is also able to take p.o.
 Pediatrics - Neonatal,"Ciprodex Otic Solution in the right ear twice daily.,2."
 Pediatrics - Neonatal,"Augmentin 500 mg three times daily x10 days.,FOLLOW UP:  ,1."
 Pediatrics - Neonatal,"He is more calm and quite and taking good p.o.; so with a very close followup and a cardiac followup,"
 Pediatrics - Neonatal,"PO ad-lib.,DISCHARGE MEDICATIONS: ,"
 Pediatrics - Neonatal,"G-CSF 50 mcg subcutaneously given daily in his thighs alternating with each dose.,3."
 Pediatrics - Neonatal,"Fluconazole 37.5 mg daily.,4."
 Pediatrics - Neonatal,We will get a chest x-ray and start Lasix at 1 mg/kg twice daily.
 Pediatrics - Neonatal,"2 puffs twice daily until otherwise instructed by the primary care provider.,3."
 Pediatrics - Neonatal,"twice daily for 10 days.,4."
 Pediatrics - Neonatal,"and ciprofloxacin for right otitis externa eardrops twice daily.,"
 Pain Management,He was administered Versed 2 mg IV.
 Pain Management,Then 1 mL of Depo-Medrol and 2 mL of 0.25% Marcaine were injected using the anterior approach.
 Pain Management,"1 mL of solution was administered at this site after aspiration,"
 Pain Management,She is requesting that we decrease her medications from 480 mg to 240 mg to 360 mg of morphine per day in the form of Avinza.
 Orthopedic,"Vioxx Dosage:  25 mg tablet Sig:  TID Dispense:  60 Refills:  0 Allow Generic:  Yes,PATIENT INSTRUCTIONS:,"
 Orthopedic,A has maintained him on opioid medications consisting of Norco 10/325 mg for breakthrough pain and oxycodone 30 mg t.i.d.
 Orthopedic,and Lyrica 100 mg q.daily.
 Orthopedic,"Trental 400mg po TID,5."
 Orthopedic,"Norvasc 5mg po BID,6."
 Orthopedic,"Prinivil 20mg po BID,7."
 Orthopedic,"Terasozin 5mg po BID,10."
 Orthopedic,"Elavil 30mg po QHS,11."
 Orthopedic,"Vicodin 1-2tabs po Q6H prn,12."
 Orthopedic,"Calcium carbonate 2gm po QID,15."
 Orthopedic,"Chocolate Ensure one can po QID,17."
 Orthopedic,Zanaflex one-half to one tablet p.r.n.
 Orthopedic,"We discussed treatment options at length and he is willing to undergo a trial of Lyrica.,He is sensitive to medications based on his past efforts and is given a prescription for 150 mg that he will start at bedtime."
 Orthopedic,"Celebrex 200 mg once daily,"
 Orthopedic,"iron 240 mg twice daily,"
 Orthopedic,"She also is on warfarin 1 mg daily,"
 Orthopedic,"She is on Neurontin 300 mg three times daily.,HABITS:,"
 Orthopedic,She drinks beer approximately twice daily.
 Orthopedic,she could put on an extra 50 mcg patch and take a couple of extra Percocet if needed.
 Orthopedic,I have written a prescription for this for 120 tablets and two refills.
 Orthopedic,"no hematuria.,ENDOCRINE:  The patient is status post pituitary tumor resection and is on supplemental hormone.,MEDICATIONS:  Depo-Testosterone 200 mg IM q.3 weekly,"
 Orthopedic,prednisone 1 tablet p.o.
 Orthopedic,desmopressin 1 tablet p.o.
 Orthopedic,"She is taking some Lortab 7.5 mg tablets,"
 Orthopedic,"Lovenox 30 mg subcu daily x2 weeks,"
 Orthopedic,"Zithromax one week 250 mg daily,"
 Orthopedic,The DVT prophylaxis was maintained with Lovenox 40 mg subcu daily until the INR was greater than 1.7 and it was discontinued on 08/30/2007 when the INR was 1.92 within therapeutic range.
 Orthopedic,"The patient is advised to continue taking the following medications:  Celebrex 200 mg daily,"
 Orthopedic,"Synthroid 137 mcg daily,"
 Orthopedic,Percocet 5/325 mg one to two tablets q.6h.
 Orthopedic,and Toprol-XL 50 mg daily.
 Orthopedic,the patient is taking Coumadin 7 mg daily.
 Orthopedic,The patient did well on oral pain medications.
 Orthopedic,Vicodin 5/500 mg take one to two tablets p.o.
 Orthopedic,"Lisinopril 10 mg daily.,IV MEDICATIONS FOR PAIN:  ,Demerol appears to work the best.,ALLERGIES: ,"
 Orthopedic,She transferred to oral pain medication.
 Orthopedic,"and oxycodone IR 5 mg one to two tablets q.4h.,"
 Orthopedic,"Paxil 40 mg daily,"
 Orthopedic,DVT prophylaxis will be maintained with Arixtra 2.5 mg subcutaneously daily until the INR is greater than 1.7 and Coumadin will be adjusted according to the INR.
 Orthopedic,"She will continue on 5 mg every day.,8."
 Orthopedic,was started on Nexium 20 mg one p.o.
 Orthopedic,also Percocet 5/325 mg 1 to 2 tablets q.i.d.
 Orthopedic,"and Protonix 40 mg daily.,4."
 Orthopedic,He was taking p.o.
 Ophthalmology,I discussed at length with the patient that this will likely take an oral steroid to quite her down.
 Ophthalmology,"Vioxx 12.5 mg tablet (BID).,PMH: ,"
 Ophthalmology,"Wellbutrin XL 450 mg daily,"
 Ophthalmology,"Ritalin long-acting 60 mg daily,"
 Ophthalmology,"Commence Ocuvite PreserVision capulets one tablet twice a day by mouth for age-related macular degeneration.,3."
 Office Notes,"CellCept - 500 mg twice a daily.,2."
 Office Notes,"Prednisone - 5 mg once daily.,4."
 Office Notes,"Pantoprazole - 40 mg once daily.,6."
 Office Notes,"Aspirin - 81 mg once daily.,FOLLOWUP CARE:  ,The patient is to follow up with Dr."
 Office Notes,He will take 1 p.o.
 Office Notes,so I phoned in a two-week course of Augmentin 400 mg chewable twice daily with food at Walgreens.
 Office Notes,"Digoxin 250 mcg daily,"
 Office Notes,"lisinopril 5 mg daily,"
 Office Notes,"metoprolol 50 mg twice daily,"
 Office Notes,He states he has been taking his wife's Lasix tablets for diuretic benefit when he feels weight gain coming on and increased edema.
 Office Notes,We should consider adding him on a low-dose furosemide tablet to be taken either daily or when his weight is above his target range.
 Office Notes,"We have also increased his lisinopril to 5 mg daily,"
 Office Notes,"Milk of Magnesia 30 mL daily p.r.n.,"
 Office Notes,"BuSpar 50 mg daily.,2."
 Office Notes,"Zetia 10 mg daily.,5."
 Obstetrics / Gynecology,"Tetracycline 250 mg daily,"
 Office Notes,"Coumadin 7.5 mg daily.,3."
 Office Notes,"Diovan 320 mg daily.,4."
 Office Notes,"Lasix 80 mg daily.,6."
 Office Notes,"Toprol XL 100 mg daily.,8."
 Obstetrics / Gynecology,Motrin 600 mg tablets 1 tablet p.o.
 Obstetrics / Gynecology,Colace 100 mg tablets 1 tablet p.o.
 Obstetrics / Gynecology,constipation and ferrous sulfate 60 mg tablets 1 tablet p.o.
 Obstetrics / Gynecology,and multiple vitamin 1 tablet p.o.
 Obstetrics / Gynecology,"amitriptyline 15 mg daily,"
 Obstetrics / Gynecology,"Synthroid 0.088 mg daily,"
 Obstetrics / Gynecology,"Started on hydralazine 50 mg t.i.d.,"
 Obstetrics / Gynecology,"Return in three weeks for reevaluation.,MEDICATIONS PRESCRIBED: ,Metronidazole 500 mg #14 1 BID for 7 days."
 Obstetrics / Gynecology,Doxycycline 100 mg #14 1 BID.
 Obstetrics / Gynecology,"NatalCare Plus Dosage:  Prenatal Multivitamins tablet Sig:  QD Dispense:  60 Refills:  4 Allow Generic:  Yes,PATIENT INSTRUCTIONS:,"
 Obstetrics / Gynecology,"and seizures as an infant.,PAST SURGICAL HX:  ,Plastic surgery on her ear after a dog bite in 1997.,MEDICATIONS:  ,Zoloft 50 mg a day and LactAid.,ALLERGIES:  ,NO KNOWN DRUG ALLERGIES.,SOCIAL HX: ,"
 Obstetrics / Gynecology,"Atenolol 50 mg daily,2."
 Obstetrics / Gynecology,"Norvasc 5 mg daily.,10."
 Obstetrics / Gynecology,Prescription written for 20 tablets.
 Obstetrics / Gynecology,Vicodin tablets 1 tablet p.o.
 Obstetrics / Gynecology,ferrous sulfate  tablets 1 tablet p.o.
 Obstetrics / Gynecology,"Lexapro 10 mg daily.,2."
 Obstetrics / Gynecology,"Tramadol 50 mg tablets two by mouth four times a day.,3."
 Obstetrics / Gynecology,"Ambien 10 mg tablets one by mouth at bedtime.,ALLERGIES:  AMOXICILLIN CAUSES THROAT SWELLING."
 Obstetrics / Gynecology,Prescription was given for Allegra 180 mg q.d.
 Obstetrics / Gynecology,Prescription for trazodone 50 mg p.r.n.
 Neurology,"He also takes Proscar 5 mg q.d and Synthroid 0.2 mg q.d.,PHYSICAL EXAMINATION:,Vital Signs:  BP 134/80,"
 Neurology,"According to the list shows the patient takes hydrocodone 10/325 mg every 6 hours,"
 Neurology,"The patient also takes Neurontin 200 mg 3 times a day,"
 Neurology,Family administered Diastat 7.5 mg x1 dose.
 Neurology,and then 75 mg twice daily.
 Neurology,He has done very well taking 300 mg twice a day without any further seizures.
 Neurology,"I will continue on Trileptal 300 mg twice a day,"
 Neurology,"He currently is taking methadone up to eight tablets four times a day,"
 Neurology,and Dilaudid two tablets by mouth every two hours to help reduce his pain.
 Neurology,"He also is currently taking Neurontin 1600 mg three times a day,"
 Neurology,He comes to my office today continuing on Dilantin 300 mg daily and has been seizure episode free for the past 2 1/2 years.
 Neurology,"She has tried taking Imitrex as well as Motrin 800 mg twice a day,"
 Neurology,Senokot three tablets p.o.
 Neurology,and Dilaudid 2 mg tablets p.o.
 Neurology,"he uses a lower dose of 2.5 three times a day to 5 mg three times a day.,8."
 Neurology,Since then he has only been on oral medication for his diabetes.
 Neurology,She was given additional fosphenytoin and had a total dose of 15 mg/kg administered.
 Neurology,she did give an IV Depacon 250 mg and the above dosage can be continued IV until she is taking p.o.
 Neurology,She was finally put on Effexor 25 mg two tablets h.s.
 Neurology,",I reviewed the information that was sent down with him from the nursing home which includes his medical history.,MEDICATIONS:  ,Keppra 1500 twice a day and Decadron 6 mg four times a day."
 Neurology,Medications Prescribed: Therapeutic trial of Inderal 40mg - 1/2 tab b.i.d.
 Neurology,"Darvocet prn,"
 Neurology,"Reglan prn,"
 Neurology,"SLNTG prn,"
 Neurology,"Valium prn,"
 Neurology,"Nubain prn.,PMH:,"
 Neurology,The patient's medications include Lamictal for a total of 200 mg twice a day.
 Neurology,It is a 150 mg tablet and 25 mg tablets.
 Neurology,"He is on Zonegran using 25 mg capsules 2 capsules twice daily,"
 Neurology,Elavil 25mg qhs was prescribed.
 Neurology,"fluticasone 50 mcg nasal spray,"
 Neurology,I wanted her to start taking the Neurontin 300 mg per day and then 300 mg b.i.d.
 Neurology,"The patient is to start taking aspirin 162 mg per day.,2."
 Neurology,"Capoten 2.5mg bid,"
 Neurology,"Salsalate 750mg tid,"
 Neurology,"""Ginsana"" (Ginseng) 100mg bid.,PMH: ,1)Atrial fibrillation,"
 Neurology,"Mannitol was administered (1g/kg),"
 Neurology,"Proventil MDI bid,"
 Neurology,"Azmacort MDI bid,"
 Neurology,"Doxycycline 100mg bid,"
 Neurology,She was placed on Ticlid 250mg bid.
 Neurology,"Flomax 0.4 mg daily,"
 Neurology,The patient was prescribed Flomax 0.4 mg daily.
 Neurology,"as well as some minor headaches treated with over-the-counter medications.,CURRENT MEDICATIONS:  ,Lamotrigine 150 mg p.o."
 Neurology,Continue lamotrigine 150 mg p.o.
 Neurology,"citalopram (Celexa) 40 mg daily,"
 Neurology,"She was written for Aricept to start at 5 mg for three weeks,"
 Neurology,"within about two weeks symptoms were back to baseline.,She was then treated with intravenous Solu-Medrol 500 mg daily for five days followed by a prednisone or Medrol taper (July 2005)."
 Neurology,she was restarted on oral prednisone 10 mg tablets.
 Neurology,She takes one-half tablet daily and this again has seemed to reduce the swelling and stiffness in her legs.
 Neurology,He also has been taking Zyrtec 10 mg a day with only partial relief of the symptoms.
 Neurology,"Vilheim to make decisions for her.,MEDICATIONS,:  Premarin 0.625 mg p.o."
 Nephrology,"Singulair 10 mg once daily,"
 Nephrology,"Cardizem 365 mg once daily,"
 Nephrology,"Coreg 25 mg once daily,"
 Nephrology,"Lanoxin 0.125 mg once daily,"
 Nephrology,"Crestor 10 mg once daily,"
 Nephrology,"lisinopril 10 mg once daily,"
 Nephrology,"Phoslo 3 tablets with meals,"
 Nephrology,"and Advair 250 mg inhaler b.i.d.,REVIEW OF SYSTEMS: ,"
 Nephrology,"Gengraf 125/50 mg daily,"
 Nephrology,"baby aspirin 81 mg daily,"
 Nephrology,"WelChol 625 mg daily,"
 Nephrology,"and Pravachol 10 mg daily.,PAST MEDICAL HISTORY:,1."
 Nephrology,He took some nitroglycerin tablets at home with no relief.
 Nephrology,"Diovan HCT 80/12.5 mg daily,"
 Nephrology,"metformin 500 mg daily.,ALLERGIES:,"
 Nephrology,"Include metoprolol 100 mg two tablets b.i.d.,"
 Nephrology,"Plavix 75 mg daily,"
 Nephrology,"Cozaar 25 mg daily,"
 Nephrology,"Prilosec 20 mg daily,"
 Nephrology,"metoprolol 6.25 mg daily,"
 Nephrology,"Zocor 80 mg daily,"
 Nephrology,"Start Aranesp 60 mcg every two weeks.,3."
 Nephrology,I am going to instruct him in a low-potassium diet and decrease his valsartan to 20 mg daily.
 Nephrology,"His bicarbonate is 18 and I will initiate the sodium bicarbonate 650 mg three tablets t.i.d.,6."
 Nephrology,"Imdur 20 mg two to three times daily,"
 Nephrology,"insulin 70/30 40/45 units daily,"
 Nephrology,"? Triglide 50 mg daily,"
 Nephrology,"Lasix 60 mg daily,"
 Nephrology,"Niaspan 500 mg daily,"
 Nephrology,"atenolol 50 mg daily,"
 Nephrology,"Crestor 5 mg daily,"
 Nephrology,"Digitek 0.125 mg daily,"
 Nephrology,"Celexa 20 mg daily,"
 Nephrology,"and Flomax 0.4 mg daily.,PAST MEDICAL HISTORY:,1."
 Nephrology,"Decrease atenolol to 25 mg daily.,4."
 Nephrology,"Decrease enalapril to 10 mg daily.,5."
 Nephrology,"Decrease Lasix to 20 mg daily.,6."
 Letters,"and he was prescribed hydrocodone/acetaminophen tablets and Motrin 800 mg tablets.,October 4,"
 Letters,He was prescribed Motrin 800 mg tablets and an order was sent to physical therapy.
 Letters,Abc reports that he occasionally takes 800 mg doses of ibuprofen.
 IME-QME-Work Comp etc.,We will start Keflex 500 mg one p.o.
 IME-QME-Work Comp etc.,"He takes one hydrocodone 7.5/750 mg daily.,Examination of his left knee revealed there was bilateral varus deformity,"
 IME-QME-Work Comp etc.,"one tablet q.4-6 hours prn pain,"
 IME-QME-Work Comp etc.,"#60 tablets,"
 IME-QME-Work Comp etc.,"prn spasms,"
 IME-QME-Work Comp etc.,"#90 tablets,"
 IME-QME-Work Comp etc.,"and dispensed some Wellbutrin XL tablets,"
 IME-QME-Work Comp etc.,"150-mg XL tablet q.a.m.,"
 IME-QME-Work Comp etc.,"#30 tablets.,"
 Hospice - Palliative Care,"Medications include Toprol 12.5 mg twice daily,"
 Hospice - Palliative Care,"ranitidine 75 mg daily,"
 Hospice - Palliative Care,not typically taken and a prescription in the house for Keflex 500 mg q.i.d.
 Hospice - Palliative Care,His medications include Avelox 400 mg.
 Hospice - Palliative Care,"Lasix 80 mg twice daily,"
 Hospice - Palliative Care,"Inspra twice daily,"
 Hospice - Palliative Care,"Norvasc 10 mg daily,"
 Hospice - Palliative Care,We are going to increase methadone to 70 mg every eight hours and continue 30 mg for breakthrough.
 Hospice - Palliative Care,"We will start Megace 200 mg daily.,4."
 Hospice - Palliative Care,We will start oxycodone 5 mg q.2h.
 Hospice - Palliative Care,"We will use lorazepam 0.25-0.5 mg at bedtime as needed.,6."
 Hematology - Oncology,"No melena or hematochezia.,CURRENT MEDICATIONS:  ,Macrobid 100 mg q.d.,ALLERGIES:  ,Sulfa,"
 Hematology - Oncology,"Protonix 40 mg intravenous (IV) daily.,4."
 Hematology - Oncology,which showed no evidence of pulmonary embolism and the patient was started on prophylactic doses of Lovenox at 40 mg a day.
 Hematology - Oncology,"but continue estradiol/Prometrium.,Iron deficiency will be treated with oral iron supplements and we will follow her counts."
 Hematology - Oncology,Protonix 40 mg daily.
 Hematology - Oncology,"Zanaflex 4-mg tablet,"
 Hematology - Oncology,one-half tablet daily and 6 mg at bedtime.
 Hematology - Oncology,we will continue intravenous heparin and subsequent oral anticoagulation with Coumadin.
 Hematology - Oncology,"Dilantin 300 mg daily.,2."
 Hematology - Oncology,"Pen-VK 500 mg daily.,6."
 Hematology - Oncology,"Ibuprofen 600 mg daily.,7."
 Hematology - Oncology,"Temodar 100 mg daily.,9."
 Hematology - Oncology,"Diovan 80/12.5 mg daily,"
 Hematology - Oncology,"Lipitor 10 mg daily,"
 Hematology - Oncology,"Lutein 20 mg daily,"
 Hematology - Oncology,"folic acid 0.8 mg daily and multivitamin daily.,ALLERGIES:  ,No known drug allergies.,FAMILY HISTORY: ,"
 General Medicine,"Advair 1 puff bid Lisinopril 10 mg qd Lopressor 50 mg bid Aspirin 81 mg qd Plavix 75 mg qd Multivitamins Feso4 1 tab qd Colace 100 mg qd,REVIEW OF SYSTEMS REVEALS:,"
 General Medicine,"refusing oral or IM medications,"
 General Medicine,and then three days prior to admission was given daily 1 g Rocephin and started on azithromycin.
 General Medicine,She is to continue the increased dose of prednisone at 20 mg (up from 5 mg per day).
 General Medicine,"the patient continued to receive Coreg 12.5 mg daily and Lasix 40 mg twice a day for her congestive heart failure,"
 General Medicine,"Nitro-Dur patch 0.3 mg per hour one patch daily.,4."
 General Medicine,Bactrim DS 800mg/160 mg tablet one tablet q.12h.
 General Medicine,Levaquin 750 mg one tablet p.o.
 General Medicine,"She is taking oral birth control medications and also has an intrauterine device to prevent pregnancy as the patient is on Accutane.,PAST MEDICAL HISTORY:,"
 General Medicine,The patient was encouraged to take Motrin 400 mg q.6h.
 General Medicine,I did urge him to use Claritin 10 mg once daily until the redness and swelling has gone.
 General Medicine,"Atacand 16 mg daily,"
 General Medicine,"pantoprazole 40 mg daily,"
 General Medicine,"Detrol 4 mg daily,"
 General Medicine,"Zyrtec 10 mg daily,"
 General Medicine,"and fluticasone spray 50 mcg two sprays daily.,PAST SURGICAL HISTORY:,"
 General Medicine,"dose unknown; oxazepam 15 mg daily; aspirin 80 one daily; ibuprofen PRN; Darvocet-N 100 PRN.,SOCIAL HISTORY:,"
 General Medicine,"Citalopram 10mg once daily for depression; low dose tramadol PRN pain.,PHYSICAL EXAMINATION: ,"
 General Medicine,she was given propranolol at 40mg daily and continued on telemetry.
 General Medicine,"Propranolol was increased from 40mg daily to 60mg twice daily.,"
 General Medicine,"one tablet twice daily.,3."
 General Medicine,"Patient was instructed to use 2 forms of birth control and was discharged an oral contraceptive,"
 General Medicine,"taken one tablet daily.,5."
 General Medicine,I have advised him to take Lasix 40 mg p.o.
 General Medicine,"in light of the fact that the patient is obtunded and is not taking anything right now in the way of oral food or fluids,"
 General Medicine,"Prozac 40 mg orally daily.,SOCIAL HISTORY:,"
 General Medicine,"which was resistant to all oral medications.,ALLERGIES: ,"
 General Medicine,We will start her on IV Vasotec every 4 hours p.r.n.
 General Medicine,We will start her on Lovenox subcutaneously 40 mg every day and we will continue with the Ecotrin as swallowing evaluation was done.
 General Medicine,I will continue with the IV fluids at 75 mL an hour with a D5 normal saline at the range of 75 mL an hour and adding potassium 10 mEq per 1000 mL and I would follow the patient on daily basis.
 General Medicine,"with his current medications which include the Lantus at 30 units along with Actos,"
 General Medicine,"Hydroxyurea 500 mg daily,"
 General Medicine,"Synthroid 0.1 mg daily,"
 General Medicine,"Included Dilantin 400 mg daily,"
 General Medicine,Hypertension treated with Cozaar 100 mg daily and Norvasc 10 mg daily.
 General Medicine,Esophageal reflux treated with Nexium 40 mg daily.
 General Medicine,Allergic rhinitis treated with Allegra 180 mg daily.
 General Medicine,"depression and anxiety treated with Paxil 25 mg daily,"
 General Medicine,"and Claritin 10 mg daily p.r.n.,FAMILY HISTORY: ,"
 General Medicine,We will start Lovenox 1 mg per kg subcu daily and Coumadin 5 mg p.o.
 General Medicine,The patient said that he missed 3 doses of digoxin in the last 3 days after being discharged from Anaheim Memorial and then took 3 tablets together.
 General Medicine,The patient was advised that he will develop more opioid dependence and I will stop the pain medications for now and give him only oral pain medications in the anticipation of the discharge in the next 1 or 2 days.
 General Medicine,"Crestor 10 mg daily,"
 General Medicine,"Micardis 80 mg daily,"
 General Medicine,"Imdur 30 mg daily,"
 General Medicine,"Amlodipine 10 mg daily,"
 General Medicine,"Ecotrin 325 mg daily,"
 General Medicine,"and calcitriol 0.5 mcg daily.,REVIEW OF SYSTEMS: ,"
 General Medicine,We will add allopurinol 50 mg daily.
 General Medicine,"Digoxin 0.125 mg daily.,4."
 General Medicine,"Prozac 20 mg daily.,6."
 General Medicine,"Lasix 40 mg daily.,7."
 General Medicine,"Lisinopril 10 mg daily.,11."
 General Medicine,"Metoprolol 25 mg twice daily.,13."
 General Medicine,"Zegerid 40 mg daily.,15."
 General Medicine,"Simvastatin 10 mg daily.,ALLERGIES:  Percocet,"
 General Medicine,we will continue the patient on her current regimen of Lantus 12 units subcu.
 General Medicine,We will continue to check her sugars every 6 hours and adjust insulin as necessary.
 General Medicine,"Evidence of right lower arm amputation.,The patient was started on Prevacid 30 mg daily,"
 General Medicine,"Lortab 7.5 mg up to three times daily for chronic arthritic discomfort,"
 General Medicine,"Miacalcin nasal spray once daily,"
 General Medicine,"omeprazole 20 mg daily,"
 General Medicine,"Diovan 320 mg daily,"
 General Medicine,"glyburide 5 mg daily,"
 General Medicine,"furosemide 40 mg daily,"
 General Medicine,"amlodipine 5 mg daily,"
 General Medicine,"in addition to Tekturna 150 mg daily,"
 General Medicine,"Zoloft 25 mg daily.,ALLERGIES:  ,He has known history of allergy to clonidine,"
 General Medicine,"clarithromycin 500 mg po bid,"
 General Medicine,"Prograf 5 mg po bid,"
 General Medicine,"ranitidine 150 mg po bid,"
 General Medicine,"furosemide 40 mg po bid,"
 General Medicine,"metformin 500 mg po bid,"
 General Medicine,If not then she will fill a prescription for Omnicef 300 mg capsule 1 p.o.
 General Medicine,"medications are Lotensin 20 mg daily,"
 General Medicine,"Toprol 50 mg daily,"
 General Medicine,"Plavix 75 mg daily and aspirin 81 mg daily.,ALLERGIES:,"
 General Medicine,"I will continue him on his amiodarone 200 mg twice daily and consult CHI to evaluate him.,3."
 General Medicine,prn; and Fluticasone nasal inhaler.
 General Medicine,"Claritin 10mg po qd,No herbal medication use.,Allergies:,"
 General Medicine,"ENDOCRINE:  Unable to assess because of patient's bed-bound status.,MEDICATIONS:  ,Percocet 2 tablets 4 times a day,"
 General Medicine,Neurontin 1 tablet b.i.d.
 General Medicine,"Flexeril 1 tablet t.i.d.,"
 General Medicine,"Synthroid 125 mcg daily,"
 General Medicine,"continue Neurontin 600 mg b.i.d.,"
 General Medicine,"Acetaminophen 325 mg 2 tablets twice daily,"
 General Medicine,"Coreg 6.25 mg twice daily,"
 General Medicine,"Docusate sodium 100 mg 1 cap twice daily,"
 General Medicine,"ibuprofen 600 mg twice daily with food,"
 General Medicine,"ferrous sulfate 325 mg daily,"
 General Medicine,"Tapazole 5 mg daily,"
 General Medicine,"Zoloft 50 mg daily,"
 General Medicine,"It seems to be stable on the Zoloft 50 mg daily,"
 General Medicine,3 to take 1 tablet before bed as needed for her back pain.
 General Medicine,"Toprol-XL 100 mg daily,"
 General Medicine,"Levoxyl 50 mcg daily,"
 General Medicine,"AyrGel to both nostrils twice daily,"
 General Medicine,"Senna S 2 tablets twice daily,"
 General Medicine,"Timoptic 1 drop both eyes twice daily,"
 General Medicine,"Tylenol 1000 mg 3 times daily,"
 General Medicine,I have a feeling she would not tolerate either the FiberCon tablets or Metamucil powder in a drink.
 General Medicine,"Tylenol #3 q6h prn,"
 General Medicine,"ibuprofen 800 mg q8h prn,"
 General Medicine,"methocarbamol 750 mg qid.,ALLERGIES:,"
 General Medicine,"Captopril 25 mg po tid.,6."
 General Medicine,"Carvedilol 3.125 mg po bid.,ALLERGIES:,"
 General Medicine,"is up to 4-1/2 hours sprints twice daily and may go up 15 minutes every three days or so; which she has been tolerating fairly well as long as they kind of get her distracted towards the end,"
 General Medicine,"Vioxx 25 mg daily,"
 General Medicine,"HCTZ 25 mg one-half tablet daily,"
 General Medicine,"Zoloft 100 mg daily,"
 General Medicine,"Zyrtec 10 mg daily.,ALLERGIES TO MEDICATIONS: ,"
 General Medicine,Amoxicillin a teaspoon twice daily for 10 days.
 General Medicine,"Nifedipine-XR 90 mg daily,"
 General Medicine,"furosemide 20 mg half tablet b.i.d.,"
 General Medicine,"lisinopril 20 mg daily,"
 General Medicine,"Ogen 0.625 mg daily,"
 General Medicine,We will try starting her back on Wellbutrin XL 150 mg daily.
 General Medicine,She may increase to 300 mg daily after three to seven days.
 General Medicine,We will start her on fluoxetine 20 mg one tablet p.o.
 General Medicine,"Levothroid 0.05 mg daily,"
 General Medicine,Diazepam 5 mg tablet 1 p.o.
 General Medicine,"total of 5 tablets.,3."
 General Medicine,the patient ended up taking a total of six Ecstasy tablets.
 General Medicine,Enteric-coated aspirin 81 mg one daily.
 General Medicine,"TriCor 48 mg one daily.,3."
 General Medicine,"Zantac 40 mg one daily.,4."
 General Medicine,"Lisinopril 20 mg one daily.,5."
 General Medicine,"Mobic 75 mg one daily for arthritis.,6."
 General Medicine,"Metformin 500 mg one daily.,7."
 General Medicine,"Zocor 20 mg one daily,"
 General Medicine,"Effexor XR 37.5 mg one daily.,DIET: ,"
 General Medicine,"Calcium with vitamin D 1 tablet twice a day.,2."
 General Medicine,"Lovenox 40 mg in 0.4 mL solution inject subcutaneously once daily for 14 days.,3."
 General Medicine,"Vicodin 5/500 mg and take one tablet by mouth every four hours as needed for pain.,4."
 General Medicine,"Phenergan 12.5 mg tablets,"
 General Medicine,take one tablet by mouth every six hours p.r.n.
 General Medicine,Imodium A-D tablets take one tablet by mouth b.i.d.
 General Medicine,She is to continue taking Coreg 12.5 mg p.o.
 General Medicine,"Cardizem CD 120 mg daily.,4."
 General Medicine,"Paxil 10 mg daily.,10."
 General Medicine,"Prednisone 20 mg daily.,11."
 General Medicine,"one q.4h PRN pain.,12."
 General Medicine,"Synthroid 50 mcg daily.,14."
 General Medicine,"Nexium 40 mg daily.,HOSPITAL COURSE:,"
 General Medicine,"Prednisolone 60 mg orally once daily,"
 General Medicine,"Coumadin 5 mg orally once daily,"
 General Medicine,"magnesium oxide 200 mg orally once daily.,TRANSFER INSTRUCTIONS:,"
 General Medicine,"Levaquin 750 mg daily x14 days.,Followup is with Dr."
 General Medicine,"Celexa 40 mg daily.,3."
 General Medicine,"Aspirin 81 mg orally once daily.,2."
 General Medicine,"Calcium with vitamin D two tablets orally once daily.,3."
 General Medicine,"Nexium 40 mg orally once daily.,4."
 General Medicine,"Multivitamins with minerals one capsule once daily.,5."
 General Medicine,"Zoloft 25 mg orally once daily.,6."
 General Medicine,"Omeprazole 20 mg daily.,2."
 General Medicine,Medication was adjusted to benazepril 20 mg a day.
 General Medicine,Famotidine 20 mg 1 tablet p.o.
 General Medicine,"Milk of Magnesia suspension 30 mL daily for constipation.,9."
 General Medicine,one to two tablets every 6 hours p.r.n.
 General Medicine,"Tylenol 325 mg tablets every 4 to 6 hours as needed for pain.,12."
 General Medicine,"requiring acute care.,CURRENT MEDICATIONS:  ,Include those on admission combined with IV Flagyl 500 mg every 8 hours and Levaquin 500 mg daily.,HOSPITAL SUMMARY: ,"
 General Medicine,The patient was started on Cipro 250 mg p.o.
 General Medicine,one tablet p.o.
 General Medicine,The patient was started on cefepime 1 g IV q.12h.
 General Medicine,",Medications:  Lasix 40 mg daily,"
 General Medicine,"digoxin 0.125 mg daily,"
 General Medicine,"Augmentin 875 mg 1 tablet twice a day for 1 week,"
 General Medicine,"Nexium 40 mg daily,"
 General Medicine,potassium 10 mEq daily and diclofenac 50 mg twice a day.
 General Medicine,Her lisinopril was increased to 40 mg daily.
 General Medicine,I will continue HCTZ at 24 mg daily.
 General Medicine,"Januvia 100 mg daily.,6."
 General Medicine,"Vitamin B tablet.,14."
 General Medicine,she has not been able to take much in the way of PO intake over the past week.
 General Medicine,"Lovastatin 20 mg daily.,4."
 General Medicine,Continue p.o.
 General Medicine,The patient was started on intravenous antibiotic therapy with Levaquin and later on that was changed to oral formulation.
 General Medicine,and start the patient on intravenous Ancef 2 g q.8 h.
 General Medicine,"continue niacin 1000 mg in the morning,"
 General Medicine,and 1000 mg in the evening; aspirin 81 mg daily; multivitamins; vitamin E 400 units daily; and vitamin C 500 mg daily.
 General Medicine,"Bactrim 400/80 Tab PO BID #30.,SOCIAL HISTORY:,"
 General Medicine,Bactrim 400/80 Tab PO BID #30.
 General Medicine,Patient is a three years old male who about 45 minutes prior admission to the emergency room ingested about two to three tablets of Celesta 40 mg per tablets.
 General Medicine,she saw the patient having the Celesta foils in his hands and half of tablet was moist and on the floor.
 General Medicine,"The patient said that the pills ""didn't taste good,"" so it is presumed that the patient actually ingested at least two-and-a-half tablets of Celesta,"
 General Medicine,"40 mg per tablet.,PAST MEDICAL HISTORY:,"
 Gastroenterology,Discharged home with Synthroid 0.5 mg 1 tablet p.o.
 Gastroenterology,Renagel 2 tablets 800 mg p.o.
 Gastroenterology,"2 tablets twice a day,"
 Gastroenterology,Vicodin 1 tablet p.o.
 Gastroenterology,He is taking it at a dose of 100 mg per day.
 Gastroenterology,"Continue Imuran 100 mg per day.,4."
 Gastroenterology,then he will call our office and a prescription for Zantac 150 mg per day will be provided.
 Gastroenterology,"Feosol 325 mg daily,"
 Gastroenterology,"Synthroid 80 mcg daily,"
 Gastroenterology,"Actos 30 mg daily,"
 Gastroenterology,"Mevacor 40 mg daily,"
 Gastroenterology,"and lisinopril 20 mg daily.,ALLERGIES:,"
 Gastroenterology,He was started on 60 mg p.o.
 Gastroenterology,We will start him on 15 mg p.o.
 Gastroenterology,we will start him on 40 mg for 1 week.
 Gastroenterology,"we will start him on 30 mg for 1 week,"
 Gastroenterology,"He will continue his Pepcid 40 mg at night,"
 Gastroenterology,"He went to his primary care physician who prescribed cimetidine 400mg qhs x 5 days; however,"
 Gastroenterology,"Tylenol prn (1-2 tabs every other day for the last 2 wks),"
 Gastroenterology,"Cimetidine 400mg po qhs x 5 days.,REVIEW OF SYSTEMS:,"
 Gastroenterology,"Lisinopril 5 mg daily; metoprolol 25 mg twice daily; furosemide 40 mg once daily; Isentress 400 mg once daily,"
 Gastroenterology,the patient does not take this medication for the last 3 months; Norvir 100 mg once daily; Prezista 400 mg once daily.
 Gastroenterology,"she takes inhalation of albuterol and Ambien 10 mg once daily.,SOCIAL HISTORY: ,"
 Gastroenterology,We will give IV Nexium 40 mg daily for GI prophylaxis.
 Gastroenterology,"The patient was started on aztreonam 1 g IV every 8 hours,"
 Gastroenterology,he was advanced to a soft diet and his pain medications were transitioned to p.o.
 Gastroenterology,it was determined that he was stable for discharge to home as he was taking p.o.
 Gastroenterology,"Appendectomy as a child and cholecystectomy in 2003.,MEDICATIONS:  ,His medications are lisinopril 40 mg daily,"
 Gastroenterology,"hydrochlorothiazide 25 mg daily,"
 Gastroenterology,"Januvia 100 mg daily,"
 Gastroenterology,"and Flomax 0.4 mg daily.,ALLERGIES: ,"
 Gastroenterology,and she was afebrile with her pain control with oral pain medications.
 Gastroenterology,",MEDICATIONS: ,Diltiazem 30 mg tid,"
 Gastroenterology,"iron 325 mg bid,"
 ENT - Otolaryngology,The patient was advised to continue her vestibular rehabilitation exercises and the additional medical treatment of betahistine at 24 mg dose bid.
 ENT - Otolaryngology,875 mg bid.
 ENT - Otolaryngology,"MucoFen 800 mg bid.,PLAN:,"
 ENT - Otolaryngology,Aspirin 81 mg daily.
 Endocrinology,"Include levothyroxine 300 mcg daily,"
 Endocrinology,I will continue on 300 mcg daily of Synthroid.
 Emergency Room Reports,The patient took one of his own nitroglycerin tablets without any relief.
 Emergency Room Reports,"Toprol-XL 25 mg once a day which I started although she had been bradycardic,"
 Emergency Room Reports,"He states that he took 3 nitroglycerin tablets sublingually over the past 1 hour,"
 Emergency Room Reports,"Nitroglycerin 1/150 sublingually PRN chest pain.,ALLERGIES: ,"
 Discharge Summary,"and lisinopril 10 mg daily secondary to his hypertension,"
 Discharge Summary,Cardiology was consulted and their recommendations were to reduce the lisinopril to 5 mg daily.
 Discharge Summary,Renal agreed with decreasing his lisinopril to 5 mg daily and decreasing the Coreg to 6.25 mg b.i.d.
 Discharge Summary,"Lisinopril 2.5 mg daily.,6."
 Discharge Summary,he was started on oral Keflex and instructed to follow up with the Vascular Clinic as scheduled.
 Discharge Summary,"Acetaminophen 325 mg daily.,2."
 Discharge Summary,"Vitamin C 500 mg one to two times daily.,4."
 Discharge Summary,"Aspirin 81 mg daily.,5."
 Discharge Summary,"Calcium 600 mg plus vitamin D daily.,8."
 Discharge Summary,"Plavix 75 mg daily.,9."
 Discharge Summary,"Lexapro 10 mg daily at bedtime.,11."
 Discharge Summary,"Hydrochlorothiazide 25 mg one-half tablet daily.,12."
 Discharge Summary,"Imdur 30 mg daily.,14."
 Discharge Summary,"Levoxyl 112 mcg daily.,15."
 Discharge Summary,"Ativan 0.5 mg one-half tablet every six hours as needed.,16."
 Discharge Summary,"Lopressor 50 mg one-half tablet twice daily.,17."
 Discharge Summary,"Nitrostat 0.4 mg to take as directed.,20."
 Discharge Summary,"Omeprazole 20 mg daily.,21."
 Discharge Summary,"Lyrica 25 mg daily at bedtime.,23."
 Discharge Summary,Zocor 40 mg one-half tablet daily at bedtime.
 Discharge Summary,"He is going to be going with Protonix 40 mg daily,"
 Discharge Summary,"Zyvox 600 mg daily for 5 days,"
 Discharge Summary,She was also continued on Diflucan 200 mg daily.
 Discharge Summary,"She will be discharged with the regimen of Lantus 35 units at bedtime and continue the sliding scale as needed.,7."
 Discharge Summary,"She will continue Keppra twice daily.,9."
 Discharge Summary,"Keflex 500 mg 3 times a day and to resume his other preadmission medication,"
 Discharge Summary,"She was placed on the usual medications that included Synthroid 0.05 mg a day,"
 Discharge Summary,"potassium chloride 10 mEq 2 tablets per day,"
 Discharge Summary,"He is being discharged home on Lasix 40 mg daily,"
 Discharge Summary,"atenolol 25 mg daily,"
 Discharge Summary,"His medications were to be Prednisone 20 mg twice per day,"
 Discharge Summary,"Continue breast-feeding as much as possible and encourage oral intake.,MEDICATIONS:  She will be sent home on albuterol MDI to be used as needed for cough,"
 Dermatology,We decided to take her off prednisone due to adverse effects and start her on colchicine 0.6 mg daily.
 Dermatology,"Colchicine 0.6 mg daily which we are going to stop,"
 Dermatology,She does not give a history of oral contraceptives or medications that could be related to erythema nodosum.
 Dermatology,"This is a type of cosmetic surgery to help remove unsightly scars.,MEDICATIONS THAT MAY BE PRESCRIBED TO HELP ACNE INCLUDE:,*  Oral or topical antibiotics.,*  Cortisone injections into acne lesions.,*  Oral contraceptives.,*  Tretinoin,"
 Dermatology,frequent phone use so the receiver rubs on face and oral contraceptive use.
 Dermatology,"20 mcg-0.10 mg tablet usage started on 08/07/2001 medication was prescribed by Obstetrician-Gynecologist A.,PAST MEDICAL HISTORY:,"
 Dermatology,Tetracycline  Dosage:  250 mg capsule  Sig:  BID  Dispense:  60  Refills:  0  Allow Generic:  Yes
 Cosmetic / Plastic Surgery,"Current medications are 5 mg of methadone three times a day and amitriptyline at night as needed.,ALLERGIES: ,"
 Consult - History and Phy.,"Aspirin 81 mg daily.,2."
 Consult - History and Phy.,"Clopidogrel 75 mg daily.,3."
 Consult - History and Phy.,"Allopurinol 100 mg daily.,4."
 Consult - History and Phy.,"Atorvastatin 10 mg daily.,ALLERGIES: ,"
 Consult - History and Phy.,"No known drug allergies.,MEDICATIONS:  ,Omeprazole 20 mg p.o."
 Consult - History and Phy.,"1/2 tablet once a day.,2."
 Consult - History and Phy.,"Vitamin D 400 units twice daily.,15."
 Consult - History and Phy.,1 tablet p.o.
 Consult - History and Phy.,"Filgrastim 300 mcg subcutaneous daily.,3."
 Consult - History and Phy.,"Fluconazole 200 mg daily.,4."
 Consult - History and Phy.,"Pantoprazole 40 mg daily.,6."
 Consult - History and Phy.,"Creon 20 three times daily.,4."
 Consult - History and Phy.,"Diovan 160 mg twice daily.,6."
 Consult - History and Phy.,"Norvasc 5 mg daily.,8."
 Consult - History and Phy.,"10 units at 12 noon daily.,9."
 Consult - History and Phy.,"Vitamin D3 one tablet weekly.,ALLERGIES: ,"
 Consult - History and Phy.,"Patient is currently taking Estraderm 0.05 mg/day transdermal patch.,PMH:,"
 Consult - History and Phy.,"Furosemide 20 mg IV daily.,5."
 Consult - History and Phy.,"Enoxaparin 40 mg daily.,6."
 Consult - History and Phy.,"Losartan 50 mg daily.,5."
 Consult - History and Phy.,"Nifedipine 90 mg daily.,6."
 Consult - History and Phy.,"Aspirin 81 mg daily and chlordiazepoxide and clidinium - combination pill at 5 mg/2.5 mg 1 tablet daily for stress.,ALLERGIES: ,"
 Consult - History and Phy.,"lisinopril 2.5 mg daily,"
 Consult - History and Phy.,carvedilol 3.125 mg twice daily.
 Consult - History and Phy.,The dose of these drugs should be up-titrated every 2 weeks to a target dose of lisinopril of 20 mg daily and carvedilol 25 mg twice daily.
 Consult - History and Phy.,Diabetes medications include metformin 500 mg daily.
 Consult - History and Phy.,"A-dec 2 tablets daily,"
 Consult - History and Phy.,"Prevacid 15 mg daily,"
 Consult - History and Phy.,"Advair 100/50 one inhalation twice daily,"
 Consult - History and Phy.,"they have increased the Vest use to twice daily and are doing 30-minute treatments.,DIETICIAN: ,"
 Consult - History and Phy.,"isosorbide mononitrate 120 mg daily,"
 Consult - History and Phy.,"lovastatin 40 mg daily,"
 Consult - History and Phy.,"They wanted to send her home on furosemide 40 mg daily,"
 Consult - History and Phy.,"Lisinopril - 20 mg daily.,3."
 Consult - History and Phy.,"Metformin - 850 mg daily.,4."
 Consult - History and Phy.,"Amlodipine - 5 mg daily.,5."
 Consult - History and Phy.,"Metoprolol - 150 mg twice daily.,6."
 Consult - History and Phy.,"Warfarin - 5 mg daily.,7."
 Consult - History and Phy.,"Magnesium oxide - 200 mg daily.,ALLERGIES: ,"
 Consult - History and Phy.,I have restarted her Lasix at 80 mg daily and I have asked her to return in about 10 days to the heart failure clinic.
 Consult - History and Phy.,one could switch her amlodipine from 5 mg daily to diltiazem 120 mg daily.
 Consult - History and Phy.,"Inderal 20 prn.,REVIEW OF SYSTEMS:,"
 Consult - History and Phy.,",Cardizem 30-60 qid prn."
 Consult - History and Phy.,She was placed on Veramyst nasal spray two sprays each nostril daily and even twice daily if symptoms are worsening.
 Consult - History and Phy.,"Clopidogrel 75 mg daily.,4."
 Consult - History and Phy.,"Simvastatin 20 mg daily.,5."
 Consult - History and Phy.,"Sodium bicarbonate 650 mg twice daily.,6."
 Consult - History and Phy.,"Levothyroxine once daily.,8."
 Consult - History and Phy.,"Digoxin 125 mcg daily.,9."
 Consult - History and Phy.,"Fenofibrate 145 mg daily.,10."
 Consult - History and Phy.,"Aspirin 81 mg daily.,11."
 Consult - History and Phy.,"Raloxifene once daily.,12."
 Consult - History and Phy.,"Metoprolol 25 mg daily.,14."
 Consult - History and Phy.,"Brimonidine ophthalmic once daily.,ALLERGIES: ,"
 Consult - History and Phy.,"Atenolol 50 mg daily.,3."
 Consult - History and Phy.,"Simvastatin 80 mg daily.,4."
 Consult - History and Phy.,"Furosemide 40 mg daily.,5."
 Consult - History and Phy.,"Diovan 320 mg daily.,8."
 Consult - History and Phy.,"Lisinopril 40 mg daily.,9."
 Consult - History and Phy.,"Amlodipine 10 mg daily.,10."
 Consult - History and Phy.,"Warfarin 7.5 mg daily.,14."
 Consult - History and Phy.,"Levothyroxine 0.2 mg daily.,15."
 Consult - History and Phy.,"Folic acid 1 mg daily.,ALLERGIES: ,"
 Consult - History and Phy.,"Ranitidine 300 mg daily,"
 Consult - History and Phy.,"Flonase 50 mcg nasal spray as needed,"
 Consult - History and Phy.,"Allegra 100 mg daily,"
 Consult - History and Phy.,"Advair 500/50 bid.,ALLERGIES:,"
 Consult - History and Phy.,"Evista 60 mg daily.,3."
 Consult - History and Phy.,"Lopressor 25 mg daily.,4."
 Consult - History and Phy.,"Patient was given a sample of Diovan 80 mg daily for the control of hypertension from my office.,PAST HISTORY:,"
 Consult - History and Phy.,the patient's cardiac medication should be continued if the patient is allowed p.o.
 Consult - History and Phy.,Premarin 0.3 mg one tablet p.o.
 Consult - History and Phy.,"Include Colestid 1 g daily,"
 Consult - History and Phy.,"Amaryl 2 mg daily,"
 Consult - History and Phy.,"Include Topamax 100 mg twice daily,"
 Consult - History and Phy.,"Zoloft 100 mg twice daily,"
 Consult - History and Phy.,"Abilify 5 mg daily,"
 Consult - History and Phy.,"Motrin 800 mg daily,"
 Consult - History and Phy.,Nephro-Vite one tablet p.o.
 Consult - History and Phy.,"The patient is felt to be a significant fall risk and will at least continue her aspirin 81 mg once a day for secondary CVA,"
 Consult - History and Phy.,"Plendil 10 mg daily.,6."
 Consult - History and Phy.,"Lipitor 40 mg daily.,REVIEW OF SYSTEMS:  ,As above stating that following her stroke,"
 Cardiovascular / Pulmonary,She was standing up on the tilt tablet for 20 minutes and her heart rate went up to 127 and blood pressure was still in 120/80.
 Cardiovascular / Pulmonary,"He is currently taking Avodart 0.5 mg daily,"
 Cardiovascular / Pulmonary,"Wellbutrin 300 mg daily,"
 Cardiovascular / Pulmonary,"Uroxatral 10 mg daily,"
 Cardiovascular / Pulmonary,"and omeprazole 20 mg daily.,PHYSICAL EXAMINATION: ,"
 Cardiovascular / Pulmonary,"Toprol-XL 25 mg daily.,2."
 Cardiovascular / Pulmonary,"Simvastatin 80 mg daily.,3."
 Cardiovascular / Pulmonary,"Aspirin 81 mg daily.,4."
 Cardiovascular / Pulmonary,"Synthroid 0.5 mg daily.,5."
 Cardiovascular / Pulmonary,"Warfarin 1.5 mg daily.,PHYSICAL EXAMINATION: ,"
 Cardiovascular / Pulmonary,even when you have taken a nitroglycerin tablet.
